Cell Number,Pink Line Length,Yellow Line Length,Area
1,189.85520798756087,95.42536350467836,14495.0
