Cell Number,Pink Line Length,Yellow Line Length,Area
1,185.129684275645,95.03683496413377,14180.0
