Cell Number,Pink Line Length,Yellow Line Length,Area
1,136.8575902169843,77.25283166331187,8303.5
2,177.5894140989265,97.06183596038146,14560.0
