Cell Number,Pink Line Length,Yellow Line Length,Area
1,197.46392075515973,95.75489543621255,14717.5
