Cell Number,Pink Line Length,Yellow Line Length,Area
1,161.68178623456632,98.08159868191383,12682.5
2,116.84605256490268,102.95630140987001,9468.0
3,89.40357934669059,38.600518131237564,3707.0
