Cell Number,Pink Line Length,Yellow Line Length,Area
1,177.11578134090706,106.89246933250256,14251.0
