Cell Number,Pink Line Length,Yellow Line Length,Area
1,187.57931655702342,101.43470806385751,15319.5
2,45.617978911828175,31.304951684997057,1259.0
