Cell Number,Pink Line Length,Yellow Line Length,Area
1,199.090431713832,94.04786015641186,14842.0
