Cell Number,Pink Line Length,Yellow Line Length,Area
1,179.84715733088473,102.18121158021175,14648.0
