Cell Number,Pink Line Length,Yellow Line Length,Area
1,199.2786993132984,98.65596788841515,15378.5
