Cell Number,Pink Line Length,Yellow Line Length,Area
1,195.02820308868152,99.60923651951158,15315.0
