Cell Number,Pink Line Length,Yellow Line Length,Area
1,206.1674077054858,101.6070863670443,16477.5
