Cell Number,Pink Line Length,Yellow Line Length,Area
1,202.86941612771503,112.61438629233834,17898.0
