Cell Number,Pink Line Length,Yellow Line Length,Area
1,173.46181135915768,107.15409464878138,14476.0
