Cell Number,Pink Line Length,Yellow Line Length,Area
1,198.66806487203723,99.82484660644363,15298.5
