Cell Number,Pink Line Length,Yellow Line Length,Area
1,157.30543537970962,101.59232254457027,13041.5
2,157.30543537970962,101.59232254457027,690.0
