Cell Number,Pink Line Length,Yellow Line Length,Area
1,193.14502323383846,104.00480758118829,15985.5
2,60.41522986797286,35.35533905932738,1678.0
