Cell Number,Pink Line Length,Yellow Line Length,Area
1,168.30923919975396,90.47651629014017,12977.0
