Cell Number,Pink Line Length,Yellow Line Length,Area
1,183.09560344257315,91.54780172128658,14074.0
