Cell Number,Pink Line Length,Yellow Line Length,Area
1,176.52761823578768,105.65036677645753,14289.0
